parasite,host_harmonized,freq,host_phylum,host_class,host_order,host_family,parasite_type,parasite_speciesLevel,parasite_IsZonotic,parasite_nbStudies
Angiostrongylus_cantonensis,Lissachatina fulica,1,Mollusca,Gastropoda,Stylommatophora,Achatinidae,Helminth,y,y,53
Angiostrongylus_cantonensis,Alouatta caraya,1,Chordata,Mammalia,Primates,Atelidae,Helminth,y,y,53
Angiostrongylus_cantonensis,Pomacea canaliculata,1,Mollusca,Gastropoda,Architaenioglossa,Ampullariidae,Helminth,y,y,53
Angiostrongylus_cantonensis,Austropeplea tomentosa,1,Mollusca,Gastropoda,NA,Lymnaeidae,Helminth,y,y,53
Angiostrongylus_cantonensis,Bandicota bengalensis,1,Chordata,Mammalia,Rodentia,Muridae,Helminth,y,y,53
Angiostrongylus_cantonensis,Bandicota indica,1,Chordata,Mammalia,Rodentia,Muridae,Helminth,y,y,53
Angiostrongylus_cantonensis,Biomphalaria alexandrina,1,Mollusca,Gastropoda,NA,Planorbidae,Helminth,y,y,53
Angiostrongylus_cantonensis,Biomphalaria glabrata,1,Mollusca,Gastropoda,NA,Planorbidae,Helminth,y,y,53
Angiostrongylus_cantonensis,Bradybaena similaris,1,Mollusca,Gastropoda,Stylommatophora,Camaenidae,Helminth,y,y,53
Angiostrongylus_cantonensis,Bulinus africanus,1,Mollusca,Gastropoda,NA,Bulinidae,Helminth,y,y,53
Angiostrongylus_cantonensis,Bulinus truncatus,1,Mollusca,Gastropoda,NA,Bulinidae,Helminth,y,y,53
Angiostrongylus_cantonensis,Bulinus tropicus,1,Mollusca,Gastropoda,NA,Bulinidae,Helminth,y,y,53
Angiostrongylus_cantonensis,Camaena cicatricosa,1,Mollusca,Gastropoda,Stylommatophora,Camaenidae,Helminth,y,y,53
Angiostrongylus_cantonensis,Canis lupus,1,Chordata,Mammalia,Carnivora,Canidae,Helminth,y,y,53
Angiostrongylus_cantonensis,Canis familiaris,1,Chordata,Mammalia,Carnivora,Canidae,Helminth,y,y,53
Angiostrongylus_cantonensis,Cavia porcellus,1,Chordata,Mammalia,Rodentia,Caviidae,Helminth,y,y,53
Angiostrongylus_cantonensis,Cipangopaludina chinensis,1,Mollusca,Gastropoda,Architaenioglossa,Viviparidae,Helminth,y,y,53
Angiostrongylus_cantonensis,Crassostrea rhizophorae,1,Mollusca,Bivalvia,Ostreida,Ostreidae,Helminth,y,y,53
Angiostrongylus_cantonensis,Crassostrea virginica,1,Mollusca,Bivalvia,Ostreida,Ostreidae,Helminth,y,y,53
Angiostrongylus_cantonensis,Deroceras laeve,1,Mollusca,Gastropoda,Stylommatophora,Agriolimacidae,Helminth,y,y,53
Angiostrongylus_cantonensis,Equus caballus,1,Chordata,Mammalia,Perissodactyla,Equidae,Helminth,y,y,53
Angiostrongylus_cantonensis,Euglandina rosea,1,Mollusca,Gastropoda,Stylommatophora,Spiraxidae,Helminth,y,y,53
Angiostrongylus_cantonensis,Farcimen tortum,1,Mollusca,Gastropoda,Architaenioglossa,Megalomastomatidae,Helminth,y,y,53
Angiostrongylus_cantonensis,Homo sapiens,1,Chordata,Mammalia,Primates,Hominidae,Helminth,y,y,53
Angiostrongylus_cantonensis,Hylobates lar,1,Chordata,Mammalia,Primates,Hylobatidae,Helminth,y,y,53
Angiostrongylus_cantonensis,Jeanneretia bicincta,1,Mollusca,Gastropoda,Stylommatophora,Cepolidae,Helminth,y,y,53
Angiostrongylus_cantonensis,Laevicaulis alte,1,Mollusca,Gastropoda,Systellommatophora,Veronicellidae,Helminth,y,y,53
Angiostrongylus_cantonensis,Lanistes boltenianus,1,Mollusca,Gastropoda,Architaenioglossa,Ampullariidae,Helminth,y,y,53
Angiostrongylus_cantonensis,Liguus fasciatus,1,Mollusca,Gastropoda,Stylommatophora,Orthalicidae,Helminth,y,y,53
Angiostrongylus_cantonensis,Limacus flavus,1,Mollusca,Gastropoda,Stylommatophora,Limacidae,Helminth,y,y,53
Angiostrongylus_cantonensis,Ranoidea aurea,1,Chordata,Amphibia,Anura,Pelodryadidae,Helminth,y,y,53
Angiostrongylus_cantonensis,Ladislavella elodes,1,Mollusca,Gastropoda,NA,Lymnaeidae,Helminth,y,y,53
Angiostrongylus_cantonensis,Radix natalensis,1,Mollusca,Gastropoda,NA,Lymnaeidae,Helminth,y,y,53
Angiostrongylus_cantonensis,Lymnaea stagnalis,1,Mollusca,Gastropoda,NA,Lymnaeidae,Helminth,y,y,53
Angiostrongylus_cantonensis,Lynx rufus,1,Chordata,Mammalia,Carnivora,Felidae,Helminth,y,y,53
Angiostrongylus_cantonensis,Macrobrachium lar,1,Arthropoda,Malacostraca,Decapoda,Palaemonidae,Helminth,y,y,53
Angiostrongylus_cantonensis,Macrochlamys indica,1,Mollusca,Gastropoda,Stylommatophora,Ariophantidae,Helminth,y,y,53
Angiostrongylus_cantonensis,Macropus rufogriseus,1,Chordata,Mammalia,Diprotodontia,Macropodidae,Helminth,y,y,53
Angiostrongylus_cantonensis,Marisa cornuarietis,1,Mollusca,Gastropoda,Architaenioglossa,Ampullariidae,Helminth,y,y,53
Angiostrongylus_cantonensis,Melomys burtoni,1,Chordata,Mammalia,Rodentia,Muridae,Helminth,y,y,53
Angiostrongylus_cantonensis,Mesodon thyroidus,1,Mollusca,Gastropoda,Stylommatophora,Polygyridae,Helminth,y,y,53
Angiostrongylus_cantonensis,Mus musculus,1,Chordata,Mammalia,Rodentia,Muridae,Helminth,y,y,53
Angiostrongylus_cantonensis,Niviventer andersoni,1,Chordata,Mammalia,Rodentia,Muridae,Helminth,y,y,53
Angiostrongylus_cantonensis,Nycticebus coucang,1,Chordata,Mammalia,Primates,Lorisidae,Helminth,y,y,53
Angiostrongylus_cantonensis,Oryctolagus cuniculus,1,Chordata,Mammalia,Lagomorpha,Leporidae,Helminth,y,y,53
Angiostrongylus_cantonensis,Meghimatium bilineatum,1,Mollusca,Gastropoda,Stylommatophora,Philomycidae,Helminth,y,y,53
Angiostrongylus_cantonensis,Philomycus carolinianus,1,Mollusca,Gastropoda,Stylommatophora,Philomycidae,Helminth,y,y,53
Angiostrongylus_cantonensis,Physella acuta,1,Mollusca,Gastropoda,NA,Physidae,Helminth,y,y,53
Angiostrongylus_cantonensis,Planorbis intermixtus,1,Mollusca,Gastropoda,NA,Planorbidae,Helminth,y,y,53
Angiostrongylus_cantonensis,Planorbis planorbis,1,Mollusca,Gastropoda,NA,Planorbidae,Helminth,y,y,53
Angiostrongylus_cantonensis,Daedalochila triodontoides,1,Mollusca,Gastropoda,Stylommatophora,Polygyridae,Helminth,y,y,53
Angiostrongylus_cantonensis,Polymita muscarum,1,Mollusca,Gastropoda,Stylommatophora,Cepolidae,Helminth,y,y,53
Angiostrongylus_cantonensis,Polymita picta,1,Mollusca,Gastropoda,Stylommatophora,Cepolidae,Helminth,y,y,53
Angiostrongylus_cantonensis,Pomacea paludosa,1,Mollusca,Gastropoda,Architaenioglossa,Ampullariidae,Helminth,y,y,53
Angiostrongylus_cantonensis,Pomacea poeyana,1,Mollusca,Gastropoda,Architaenioglossa,Ampullariidae,Helminth,y,y,53
Angiostrongylus_cantonensis,Rattus annandalei,1,Chordata,Mammalia,Rodentia,Muridae,Helminth,y,y,53
Angiostrongylus_cantonensis,Rattus argentiventer,1,Chordata,Mammalia,Rodentia,Muridae,Helminth,y,y,53
Angiostrongylus_cantonensis,Berylmys bowersi,1,Chordata,Mammalia,Rodentia,Muridae,Helminth,y,y,53
Angiostrongylus_cantonensis,Rattus exulans,1,Chordata,Mammalia,Rodentia,Muridae,Helminth,y,y,53
Angiostrongylus_cantonensis,Rattus tanezumi,1,Chordata,Mammalia,Rodentia,Muridae,Helminth,y,y,53
Angiostrongylus_cantonensis,Rattus losea,1,Chordata,Mammalia,Rodentia,Muridae,Helminth,y,y,53
Angiostrongylus_cantonensis,Rattus nitidus,1,Chordata,Mammalia,Rodentia,Muridae,Helminth,y,y,53
Angiostrongylus_cantonensis,Niviventer niviventer,1,Chordata,Mammalia,Rodentia,Muridae,Helminth,y,y,53
Angiostrongylus_cantonensis,Rattus norvegicus,1,Chordata,Mammalia,Rodentia,Muridae,Helminth,y,y,53
Angiostrongylus_cantonensis,Rattus rattus,1,Chordata,Mammalia,Rodentia,Muridae,Helminth,y,y,53
Angiostrongylus_cantonensis,Rattus sordidus,1,Chordata,Mammalia,Rodentia,Muridae,Helminth,y,y,53
Angiostrongylus_cantonensis,Subulina octona,1,Mollusca,Gastropoda,Stylommatophora,Achatinidae,Helminth,y,y,53
Angiostrongylus_cantonensis,Suncus murinus,1,Chordata,Mammalia,Soricomorpha,Soricidae,Helminth,y,y,53
Angiostrongylus_cantonensis,Tetrentodon filiolus,1,Mollusca,Gastropoda,Stylommatophora,Urocoptidae,Helminth,y,y,53
Angiostrongylus_cantonensis,Tetrentodon perdidoensis,1,Mollusca,Gastropoda,Stylommatophora,Urocoptidae,Helminth,y,y,53
Angiostrongylus_cantonensis,Trichochloritis hungerfordiana,1,Mollusca,Gastropoda,Stylommatophora,Camaenidae,Helminth,y,y,53
Angiostrongylus_cantonensis,Varanus bengalensis,1,Chordata,Squamata,NA,Varanidae,Helminth,y,y,53
Angiostrongylus_cantonensis,Veronicella cubensis,1,Mollusca,Gastropoda,Systellommatophora,Veronicellidae,Helminth,y,y,53
Angiostrongylus_cantonensis,Viana regina,1,Mollusca,Gastropoda,Cycloneritida,Helicinidae,Helminth,y,y,53
Angiostrongylus_cantonensis,Zachrysia auricoma,1,Mollusca,Gastropoda,Stylommatophora,Zachrysiidae,Helminth,y,y,53
Angiostrongylus_cantonensis,Zachrysia guanensis,1,Mollusca,Gastropoda,Stylommatophora,Zachrysiidae,Helminth,y,y,53
Aelurostrongylus_abstrusus,Lissachatina fulica,1,Mollusca,Gastropoda,Stylommatophora,Achatinidae,Helminth,y,n,7
Aelurostrongylus_abstrusus,Biomphalaria glabrata,1,Mollusca,Gastropoda,NA,Planorbidae,Helminth,y,n,7
Aelurostrongylus_abstrusus,Canis familiaris,1,Chordata,Mammalia,Carnivora,Canidae,Helminth,y,n,7
Aelurostrongylus_abstrusus,Cepaea hortensis,1,Mollusca,Gastropoda,Stylommatophora,Helicidae,Helminth,y,n,7
Aelurostrongylus_abstrusus,Cernuella virgata,1,Mollusca,Gastropoda,Stylommatophora,Geomitridae,Helminth,y,n,7
Aelurostrongylus_abstrusus,Felis catus,1,Chordata,Mammalia,Carnivora,Felidae,Helminth,y,n,7
Aelurostrongylus_abstrusus,Gallus gallus,1,Chordata,Aves,Galliformes,Phasianidae,Helminth,y,n,7
Aelurostrongylus_abstrusus,Helminthoglypta californiensis,1,Mollusca,Gastropoda,Stylommatophora,Xanthonychidae,Helminth,y,n,7
Aelurostrongylus_abstrusus,Helminthoglypta nickliniana,1,Mollusca,Gastropoda,Stylommatophora,Xanthonychidae,Helminth,y,n,7
Aelurostrongylus_abstrusus,Puma yagouaroundi,1,Chordata,Mammalia,Carnivora,Felidae,Helminth,y,n,7
Aelurostrongylus_abstrusus,Leopardus geoffroyi,1,Chordata,Mammalia,Carnivora,Felidae,Helminth,y,n,7
Aelurostrongylus_abstrusus,Leopardus pardalis,1,Chordata,Mammalia,Carnivora,Felidae,Helminth,y,n,7
Aelurostrongylus_abstrusus,Limacus flavus,1,Mollusca,Gastropoda,Stylommatophora,Limacidae,Helminth,y,n,7
Aelurostrongylus_abstrusus,Lynx lynx,1,Chordata,Mammalia,Carnivora,Felidae,Helminth,y,n,7
Aelurostrongylus_abstrusus,Lynx rufus,1,Chordata,Mammalia,Carnivora,Felidae,Helminth,y,n,7
Aelurostrongylus_abstrusus,Monacha syriaca,1,Mollusca,Gastropoda,Stylommatophora,Hygromiidae,Helminth,y,n,7
Aelurostrongylus_abstrusus,Mus musculus,1,Chordata,Mammalia,Rodentia,Muridae,Helminth,y,n,7
Aelurostrongylus_abstrusus,Uncia uncia,1,Chordata,Mammalia,Carnivora,Felidae,Helminth,y,n,7
Aelurostrongylus_abstrusus,Passer domesticus,1,Chordata,Aves,Passeriformes,Passeridae,Helminth,y,n,7
Aelurostrongylus_abstrusus,Theba pisana,1,Mollusca,Gastropoda,Stylommatophora,Helicidae,Helminth,y,n,7
Angiostrongylus_costaricensis,Lissachatina fulica,1,Mollusca,Gastropoda,Stylommatophora,Achatinidae,Helminth,y,y,4
Angiostrongylus_costaricensis,Aotus nancymai,1,Chordata,Mammalia,Primates,Aotidae,Helminth,y,y,4
Angiostrongylus_costaricensis,Ateles geoffroyi,1,Chordata,Mammalia,Primates,Atelidae,Helminth,y,y,4
Angiostrongylus_costaricensis,Belocaulus angustipes,1,Mollusca,Gastropoda,Systellommatophora,Veronicellidae,Helminth,y,y,4
Angiostrongylus_costaricensis,Biomphalaria glabrata,1,Mollusca,Gastropoda,NA,Planorbidae,Helminth,y,y,4
Angiostrongylus_costaricensis,Biomphalaria straminea,1,Mollusca,Gastropoda,NA,Planorbidae,Helminth,y,y,4
Angiostrongylus_costaricensis,Bradybaena similaris,1,Mollusca,Gastropoda,Stylommatophora,Camaenidae,Helminth,y,y,4
Angiostrongylus_costaricensis,Didelphis virginiana,1,Chordata,Mammalia,Didelphimorphia,Didelphidae,Helminth,y,y,4
Angiostrongylus_costaricensis,Planorbella trivolvis,1,Mollusca,Gastropoda,NA,Planorbidae,Helminth,y,y,4
Angiostrongylus_costaricensis,Homo sapiens,1,Chordata,Mammalia,Primates,Hominidae,Helminth,y,y,4
Angiostrongylus_costaricensis,Limacus flavus,1,Mollusca,Gastropoda,Stylommatophora,Limacidae,Helminth,y,y,4
Angiostrongylus_costaricensis,Limax maximus,1,Mollusca,Gastropoda,Stylommatophora,Limacidae,Helminth,y,y,4
Angiostrongylus_costaricensis,Liomys salvini,1,Chordata,Mammalia,Rodentia,Heteromyidae,Helminth,y,y,4
Angiostrongylus_costaricensis,Lynx rufus,1,Chordata,Mammalia,Carnivora,Felidae,Helminth,y,y,4
Angiostrongylus_costaricensis,Megalobulimus abbreviatus,1,Mollusca,Gastropoda,Stylommatophora,Strophocheilidae,Helminth,y,y,4
Angiostrongylus_costaricensis,Mus musculus,1,Chordata,Mammalia,Rodentia,Muridae,Helminth,y,y,4
Angiostrongylus_costaricensis,Oligoryzomys fulvescens,1,Chordata,Mammalia,Rodentia,Cricetidae,Helminth,y,y,4
Angiostrongylus_costaricensis,Nephelomys albigularis,1,Chordata,Mammalia,Rodentia,Cricetidae,Helminth,y,y,4
Angiostrongylus_costaricensis,Cryptopristus caliginosus,1,Arthropoda,Insecta,Hymenoptera,Torymidae,Helminth,y,y,4
Angiostrongylus_costaricensis,Oryzomys fulvescens,1,Chordata,Mammalia,Rodentia,Cricetidae,Helminth,y,y,4
Angiostrongylus_costaricensis,Sooretamys angouya,1,Chordata,Mammalia,Rodentia,Cricetidae,Helminth,y,y,4
Angiostrongylus_costaricensis,Peromyscus nudipes,1,Chordata,Mammalia,Rodentia,Cricetidae,Helminth,y,y,4
Angiostrongylus_costaricensis,Phyllocaulis soleiformis,1,Mollusca,Gastropoda,Systellommatophora,Veronicellidae,Helminth,y,y,4
Angiostrongylus_costaricensis,Phyllocaulis variegatus,1,Mollusca,Gastropoda,Systellommatophora,Veronicellidae,Helminth,y,y,4
Angiostrongylus_costaricensis,Pomacea flagellata,1,Mollusca,Gastropoda,Architaenioglossa,Ampullariidae,Helminth,y,y,4
Angiostrongylus_costaricensis,Procyon lotor,1,Chordata,Mammalia,Carnivora,Procyonidae,Helminth,y,y,4
Angiostrongylus_costaricensis,Rattus norvegicus,1,Chordata,Mammalia,Rodentia,Muridae,Helminth,y,y,4
Angiostrongylus_costaricensis,Rattus rattus,1,Chordata,Mammalia,Rodentia,Muridae,Helminth,y,y,4
Angiostrongylus_costaricensis,Sarasinula marginata,1,Mollusca,Gastropoda,Systellommatophora,Veronicellidae,Helminth,y,y,4
Angiostrongylus_costaricensis,Sarasinula plebeia,1,Mollusca,Gastropoda,Systellommatophora,Veronicellidae,Helminth,y,y,4
Angiostrongylus_costaricensis,Subulina octona,1,Mollusca,Gastropoda,Stylommatophora,Achatinidae,Helminth,y,y,4
Angiostrongylus_costaricensis,Tylomys watsoni,1,Chordata,Mammalia,Rodentia,Cricetidae,Helminth,y,y,4
Angiostrongylus_costaricensis,Zygodontomys brevicauda,1,Chordata,Mammalia,Rodentia,Cricetidae,Helminth,y,y,4
Angiostrongylus_costaricensis,Zygodontomys microtinus,1,Chordata,Mammalia,Rodentia,Cricetidae,Helminth,y,y,4
Angiostrongylus_vasorum,Arion ater,1,Mollusca,Gastropoda,Stylommatophora,Arionidae,Helminth,y,n,4
Angiostrongylus_vasorum,Biomphalaria glabrata,1,Mollusca,Gastropoda,NA,Planorbidae,Helminth,y,n,4
Angiostrongylus_vasorum,Bradybaena similaris,1,Mollusca,Gastropoda,Stylommatophora,Camaenidae,Helminth,y,n,4
Angiostrongylus_vasorum,Canis familiaris,1,Chordata,Mammalia,Carnivora,Canidae,Helminth,y,n,4
Angiostrongylus_vasorum,Canis latrans,1,Chordata,Mammalia,Carnivora,Canidae,Helminth,y,n,4
Angiostrongylus_vasorum,Canis lupus,1,Chordata,Mammalia,Carnivora,Canidae,Helminth,y,n,4
Angiostrongylus_vasorum,Cerdocyon thous,1,Chordata,Mammalia,Carnivora,Canidae,Helminth,y,n,4
Angiostrongylus_vasorum,Felis catus,1,Chordata,Mammalia,Carnivora,Felidae,Helminth,y,n,4
Angiostrongylus_vasorum,Laevicaulis alte,1,Mollusca,Gastropoda,Systellommatophora,Veronicellidae,Helminth,y,n,4
Angiostrongylus_vasorum,Limax maximus,1,Mollusca,Gastropoda,Stylommatophora,Limacidae,Helminth,y,n,4
Angiostrongylus_vasorum,Lycalopex vetulus,1,Chordata,Mammalia,Carnivora,Canidae,Helminth,y,n,4
Angiostrongylus_vasorum,Meles meles,1,Chordata,Mammalia,Carnivora,Mustelidae,Helminth,y,n,4
Angiostrongylus_vasorum,Rana temporaria,1,Chordata,Amphibia,Anura,Ranidae,Helminth,y,n,4
Angiostrongylus_vasorum,Rattus norvegicus,1,Chordata,Mammalia,Rodentia,Muridae,Helminth,y,n,4
Angiostrongylus_vasorum,Subulina octona,1,Mollusca,Gastropoda,Stylommatophora,Achatinidae,Helminth,y,n,4
Angiostrongylus_vasorum,Eira barbara,1,Chordata,Mammalia,Carnivora,Mustelidae,Helminth,y,n,4
Angiostrongylus_vasorum,Vulpes vulpes,1,Chordata,Mammalia,Carnivora,Canidae,Helminth,y,n,4
Angiostrongylus_vasorum,Vulpes zerda,1,Chordata,Mammalia,Carnivora,Canidae,Helminth,y,n,4
Angiostrongylus_malaysiensis,Paropeas achatinaceum,1,Mollusca,Gastropoda,Stylommatophora,Achatinidae,Helminth,y,y,2
Angiostrongylus_malaysiensis,Biomphalaria glabrata,1,Mollusca,Gastropoda,NA,Planorbidae,Helminth,y,y,2
Angiostrongylus_malaysiensis,Bradybaena similaris,1,Mollusca,Gastropoda,Stylommatophora,Camaenidae,Helminth,y,y,2
Angiostrongylus_malaysiensis,Canis familiaris,1,Chordata,Mammalia,Carnivora,Canidae,Helminth,y,y,2
Angiostrongylus_malaysiensis,Laevicaulis alte,1,Mollusca,Gastropoda,Systellommatophora,Veronicellidae,Helminth,y,y,2
Angiostrongylus_malaysiensis,Pila scutata,1,Mollusca,Gastropoda,Architaenioglossa,Ampullariidae,Helminth,y,y,2
Angiostrongylus_malaysiensis,Rattus argentiventer,1,Chordata,Mammalia,Rodentia,Muridae,Helminth,y,y,2
Angiostrongylus_malaysiensis,Rattus exulans,1,Chordata,Mammalia,Rodentia,Muridae,Helminth,y,y,2
Angiostrongylus_malaysiensis,Rattus timorensis,1,Chordata,Mammalia,Rodentia,Muridae,Helminth,y,y,2
Angiostrongylus_malaysiensis,Rattus norvegicus,1,Chordata,Mammalia,Rodentia,Muridae,Helminth,y,y,2
Angiostrongylus_malaysiensis,Rattus rattus,1,Chordata,Mammalia,Rodentia,Muridae,Helminth,y,y,2
Angiostrongylus_malaysiensis,Rattus tiomanicus,1,Chordata,Mammalia,Rodentia,Muridae,Helminth,y,y,2
Angiostrongylus_malaysiensis,Rumina decollata,1,Mollusca,Gastropoda,Stylommatophora,Achatinidae,Helminth,y,y,2
Citrobacter_freundii,Amazona brasiliensis,1,Chordata,Aves,Psittaciformes,Psittacidae,Bacteria,y,y,2
Citrobacter_freundii,Anopheles stephensi,1,Arthropoda,Insecta,Diptera,Culicidae,Bacteria,y,y,2
Citrobacter_freundii,Apis mellifera,1,Arthropoda,Insecta,Hymenoptera,Apidae,Bacteria,y,y,2
Citrobacter_freundii,Canis familiaris,1,Chordata,Mammalia,Carnivora,Canidae,Bacteria,y,y,2
Citrobacter_freundii,Culex quinquefasciatus,1,Arthropoda,Insecta,Diptera,Culicidae,Bacteria,y,y,2
Citrobacter_freundii,Eriocheir sinensis,1,Arthropoda,Malacostraca,Decapoda,Varunidae,Bacteria,y,y,2
Citrobacter_freundii,Gallus gallus,1,Chordata,Aves,Galliformes,Phasianidae,Bacteria,y,y,2
Citrobacter_freundii,Homo sapiens,1,Chordata,Mammalia,Primates,Hominidae,Bacteria,y,y,2
Citrobacter_freundii,Macrobrachium rosenbergii,1,Arthropoda,Malacostraca,Decapoda,Palaemonidae,Bacteria,y,y,2
Citrobacter_freundii,Pelodiscus sinensis,1,Chordata,Testudines,NA,Trionychidae,Bacteria,y,y,2
Citrobacter_freundii,Phoca vitulina,1,Chordata,Mammalia,Carnivora,Phocidae,Bacteria,y,y,2
Citrobacter_freundii,Saccopteryx bilineata,1,Chordata,Mammalia,Chiroptera,Emballonuridae,Bacteria,y,y,2
Phasmarhabditis_hermaphrodita,Arion ater,1,Mollusca,Gastropoda,Stylommatophora,Arionidae,Helminth,y,n,2
Phasmarhabditis_hermaphrodita,Arion distinctus,1,Mollusca,Gastropoda,Stylommatophora,Arionidae,Helminth,y,n,2
Phasmarhabditis_hermaphrodita,Arion hortensis,1,Mollusca,Gastropoda,Stylommatophora,Arionidae,Helminth,y,n,2
Phasmarhabditis_hermaphrodita,Arion intermedius,1,Mollusca,Gastropoda,Stylommatophora,Arionidae,Helminth,y,n,2
Phasmarhabditis_hermaphrodita,Arion silvaticus,1,Mollusca,Gastropoda,Stylommatophora,Arionidae,Helminth,y,n,2
Phasmarhabditis_hermaphrodita,Canis familiaris,1,Chordata,Mammalia,Carnivora,Canidae,Helminth,y,n,2
Phasmarhabditis_hermaphrodita,Cepaea nemoralis,1,Mollusca,Gastropoda,Stylommatophora,Helicidae,Helminth,y,n,2
Phasmarhabditis_hermaphrodita,Cernuella virgata,1,Mollusca,Gastropoda,Stylommatophora,Geomitridae,Helminth,y,n,2
Phasmarhabditis_hermaphrodita,Cochlicella acuta,1,Mollusca,Gastropoda,Stylommatophora,Geomitridae,Helminth,y,n,2
Phasmarhabditis_hermaphrodita,Cochlicella barbara,1,Mollusca,Gastropoda,Stylommatophora,Geomitridae,Helminth,y,n,2
Phasmarhabditis_hermaphrodita,Deroceras panormitanum,1,Mollusca,Gastropoda,Stylommatophora,Agriolimacidae,Helminth,y,n,2
Phasmarhabditis_hermaphrodita,Deroceras laeve,1,Mollusca,Gastropoda,Stylommatophora,Agriolimacidae,Helminth,y,n,2
Phasmarhabditis_hermaphrodita,Deroceras reticulatum,1,Mollusca,Gastropoda,Stylommatophora,Agriolimacidae,Helminth,y,n,2
Phasmarhabditis_hermaphrodita,Discus rotundatus,1,Mollusca,Gastropoda,Stylommatophora,Discidae,Helminth,y,n,2
Phasmarhabditis_hermaphrodita,Euomphalia strigella,1,Mollusca,Gastropoda,Stylommatophora,Hygromiidae,Helminth,y,n,2
Phasmarhabditis_hermaphrodita,Helix pomatia,1,Mollusca,Gastropoda,Stylommatophora,Helicidae,Helminth,y,n,2
Phasmarhabditis_hermaphrodita,Lauria cylindracea,1,Mollusca,Gastropoda,Stylommatophora,Lauriidae,Helminth,y,n,2
Phasmarhabditis_hermaphrodita,Leidyula floridana,1,Mollusca,Gastropoda,Systellommatophora,Veronicellidae,Helminth,y,n,2
Phasmarhabditis_hermaphrodita,Malacolimax tenellus,1,Mollusca,Gastropoda,Stylommatophora,Limacidae,Helminth,y,n,2
Phasmarhabditis_hermaphrodita,Monacha cantiana,1,Mollusca,Gastropoda,Stylommatophora,Hygromiidae,Helminth,y,n,2
Phasmarhabditis_hermaphrodita,Oxychilus draparnaudi,1,Mollusca,Gastropoda,Stylommatophora,Oxychilidae,Helminth,y,n,2
Phasmarhabditis_hermaphrodita,Pomatias elegans,1,Mollusca,Gastropoda,Littorinimorpha,Pomatiidae,Helminth,y,n,2
Phasmarhabditis_hermaphrodita,Succinea putris,1,Mollusca,Gastropoda,Stylommatophora,Succineidae,Helminth,y,n,2
Phasmarhabditis_hermaphrodita,Tandonia budapestensis,1,Mollusca,Gastropoda,Stylommatophora,Milacidae,Helminth,y,n,2
Phasmarhabditis_hermaphrodita,Tandonia sowerbyi,1,Mollusca,Gastropoda,Stylommatophora,Milacidae,Helminth,y,n,2
Phasmarhabditis_hermaphrodita,Tenebrio molitor,1,Arthropoda,Insecta,Coleoptera,Tenebrionidae,Helminth,y,n,2
Phasmarhabditis_hermaphrodita,Theba pisana,1,Mollusca,Gastropoda,Stylommatophora,Helicidae,Helminth,y,n,2
Acinetobacter_baumannii,Bos taurus,1,Chordata,Mammalia,Artiodactyla,Bovidae,Bacteria,y,y,1
Acinetobacter_baumannii,Canis familiaris,1,Chordata,Mammalia,Carnivora,Canidae,Bacteria,y,y,1
Acinetobacter_baumannii,Culex quinquefasciatus,1,Arthropoda,Insecta,Diptera,Culicidae,Bacteria,y,y,1
Acinetobacter_baumannii,Equus caballus,1,Chordata,Mammalia,Perissodactyla,Equidae,Bacteria,y,y,1
Acinetobacter_baumannii,Homo sapiens,1,Chordata,Mammalia,Primates,Hominidae,Bacteria,y,y,1
Acinetobacter_baumannii,Mirounga angustirostris,1,Chordata,Mammalia,Carnivora,Phocidae,Bacteria,y,y,1
Acinetobacter_baumannii,Phoca vitulina,1,Chordata,Mammalia,Carnivora,Phocidae,Bacteria,y,y,1
Acinetobacter_baumannii,Saccopteryx bilineata,1,Chordata,Mammalia,Chiroptera,Emballonuridae,Bacteria,y,y,1
Acinetobacter_baumannii,Scylla paramamosain,1,Arthropoda,Malacostraca,Decapoda,Portunidae,Bacteria,y,y,1
Acinetobacter_baumannii,Zalophus californianus,1,Chordata,Mammalia,Carnivora,Otariidae,Bacteria,y,y,1
Aeromonas_hydrophila,Alligator sinensis,1,Chordata,Crocodylia,NA,Alligatoridae,Bacteria,y,y,1
Aeromonas_hydrophila,Anopheles maculipennis,1,Arthropoda,Insecta,Diptera,Culicidae,Bacteria,y,y,1
Aeromonas_hydrophila,Canis lupus,1,Chordata,Mammalia,Carnivora,Canidae,Bacteria,y,y,1
Aeromonas_hydrophila,Canis familiaris,1,Chordata,Mammalia,Carnivora,Canidae,Bacteria,y,y,1
Aeromonas_hydrophila,Culex quinquefasciatus,1,Arthropoda,Insecta,Diptera,Culicidae,Bacteria,y,y,1
Aeromonas_hydrophila,Equus caballus,1,Chordata,Mammalia,Perissodactyla,Equidae,Bacteria,y,y,1
Aeromonas_hydrophila,Eunectes notaeus,1,Chordata,Squamata,NA,Boidae,Bacteria,y,y,1
Aeromonas_hydrophila,Felis catus,1,Chordata,Mammalia,Carnivora,Felidae,Bacteria,y,y,1
Aeromonas_hydrophila,Gallus gallus,1,Chordata,Aves,Galliformes,Phasianidae,Bacteria,y,y,1
Aeromonas_hydrophila,Halichoerus grypus,1,Chordata,Mammalia,Carnivora,Phocidae,Bacteria,y,y,1
Aeromonas_hydrophila,Homo sapiens,1,Chordata,Mammalia,Primates,Hominidae,Bacteria,y,y,1
Aeromonas_hydrophila,Hoplobatrachus rugulosus,1,Chordata,Amphibia,Anura,Dicroglossidae,Bacteria,y,y,1
Aeromonas_hydrophila,Hyriopsis cumingii,1,Mollusca,Bivalvia,Unionida,Unionidae,Bacteria,y,y,1
Aeromonas_hydrophila,Meleagris gallopavo,1,Chordata,Aves,Galliformes,Phasianidae,Bacteria,y,y,1
Aeromonas_hydrophila,Mirounga angustirostris,1,Chordata,Mammalia,Carnivora,Phocidae,Bacteria,y,y,1
Aeromonas_hydrophila,Oryctolagus cuniculus,1,Chordata,Mammalia,Lagomorpha,Leporidae,Bacteria,y,y,1
Aeromonas_hydrophila,Ovis aries,1,Chordata,Mammalia,Artiodactyla,Bovidae,Bacteria,y,y,1
Aeromonas_hydrophila,Pantherophis guttatus,1,Chordata,Squamata,NA,Colubridae,Bacteria,y,y,1
Aeromonas_hydrophila,Pelodiscus sinensis,1,Chordata,Testudines,NA,Trionychidae,Bacteria,y,y,1
Aeromonas_hydrophila,Phoca vitulina,1,Chordata,Mammalia,Carnivora,Phocidae,Bacteria,y,y,1
Aeromonas_hydrophila,Procambarus clarkii,1,Arthropoda,Malacostraca,Decapoda,Cambaridae,Bacteria,y,y,1
Aeromonas_hydrophila,Rana aurora,1,Chordata,Amphibia,Anura,Ranidae,Bacteria,y,y,1
Aeromonas_hydrophila,Rana chensinensis,1,Chordata,Amphibia,Anura,Ranidae,Bacteria,y,y,1
Aeromonas_hydrophila,Salvadora hexalepis,1,Chordata,Squamata,NA,Colubridae,Bacteria,y,y,1
Aeromonas_hydrophila,Sus scrofa,1,Chordata,Mammalia,Artiodactyla,Suidae,Bacteria,y,y,1
Aeromonas_hydrophila,Varanus niloticus,1,Chordata,Squamata,NA,Varanidae,Bacteria,y,y,1
Aeromonas_hydrophila,Zalophus californianus,1,Chordata,Mammalia,Carnivora,Otariidae,Bacteria,y,y,1
Ancylostoma_caninum,Acinonyx jubatus,1,Chordata,Mammalia,Carnivora,Felidae,Helminth,y,y,1
Ancylostoma_caninum,Canis adustus,1,Chordata,Mammalia,Carnivora,Canidae,Helminth,y,y,1
Ancylostoma_caninum,Canis aureus,1,Chordata,Mammalia,Carnivora,Canidae,Helminth,y,y,1
Ancylostoma_caninum,Canis familiaris,1,Chordata,Mammalia,Carnivora,Canidae,Helminth,y,y,1
Ancylostoma_caninum,Canis latrans,1,Chordata,Mammalia,Carnivora,Canidae,Helminth,y,y,1
Ancylostoma_caninum,Canis lupus,1,Chordata,Mammalia,Carnivora,Canidae,Helminth,y,y,1
Ancylostoma_caninum,Canis mesomelas,1,Chordata,Mammalia,Carnivora,Canidae,Helminth,y,y,1
Ancylostoma_caninum,Caracal caracal,1,Chordata,Mammalia,Carnivora,Felidae,Helminth,y,y,1
Ancylostoma_caninum,Chrysocyon brachyurus,1,Chordata,Mammalia,Carnivora,Canidae,Helminth,y,y,1
Ancylostoma_caninum,Crocuta crocuta,1,Chordata,Mammalia,Carnivora,Hyaenidae,Helminth,y,y,1
Ancylostoma_caninum,Dasypus novemcinctus,1,Chordata,Mammalia,Cingulata,Dasypodidae,Helminth,y,y,1
Ancylostoma_caninum,Equus caballus,1,Chordata,Mammalia,Perissodactyla,Equidae,Helminth,y,y,1
Ancylostoma_caninum,Euphractus sexcinctus,1,Chordata,Mammalia,Cingulata,Dasypodidae,Helminth,y,y,1
Ancylostoma_caninum,Prionailurus bengalensis,1,Chordata,Mammalia,Carnivora,Felidae,Helminth,y,y,1
Ancylostoma_caninum,Felis catus,1,Chordata,Mammalia,Carnivora,Felidae,Helminth,y,y,1
Ancylostoma_caninum,Felis chaus,1,Chordata,Mammalia,Carnivora,Felidae,Helminth,y,y,1
Ancylostoma_caninum,Felis silvestris,1,Chordata,Mammalia,Carnivora,Felidae,Helminth,y,y,1
Ancylostoma_caninum,Lynx lynx,1,Chordata,Mammalia,Carnivora,Felidae,Helminth,y,y,1
Ancylostoma_caninum,Neofelis nebulosa,1,Chordata,Mammalia,Carnivora,Felidae,Helminth,y,y,1
Ancylostoma_caninum,Lynx rufus,1,Chordata,Mammalia,Carnivora,Felidae,Helminth,y,y,1
Ancylostoma_caninum,Panthera tigris,1,Chordata,Mammalia,Carnivora,Felidae,Helminth,y,y,1
Ancylostoma_caninum,Vulpes zerda,1,Chordata,Mammalia,Carnivora,Canidae,Helminth,y,y,1
Ancylostoma_caninum,Genetta genetta,1,Chordata,Mammalia,Carnivora,Viverridae,Helminth,y,y,1
Ancylostoma_caninum,Homo sapiens,1,Chordata,Mammalia,Primates,Hominidae,Helminth,y,y,1
Ancylostoma_caninum,Leopardus pardalis,1,Chordata,Mammalia,Carnivora,Felidae,Helminth,y,y,1
Ancylostoma_caninum,Lycaon pictus,1,Chordata,Mammalia,Carnivora,Canidae,Helminth,y,y,1
Ancylostoma_caninum,Lynx canadensis,1,Chordata,Mammalia,Carnivora,Felidae,Helminth,y,y,1
Ancylostoma_caninum,Melursus ursinus,1,Chordata,Mammalia,Carnivora,Ursidae,Helminth,y,y,1
Ancylostoma_caninum,Mus musculus,1,Chordata,Mammalia,Rodentia,Muridae,Helminth,y,y,1
Ancylostoma_caninum,Musca domestica,1,Arthropoda,Insecta,Diptera,Muscidae,Helminth,y,y,1
Ancylostoma_caninum,Nyctereutes procyonoides,1,Chordata,Mammalia,Carnivora,Canidae,Helminth,y,y,1
Ancylostoma_caninum,Otocyon megalotis,1,Chordata,Mammalia,Carnivora,Canidae,Helminth,y,y,1
Ancylostoma_caninum,Panthera leo,1,Chordata,Mammalia,Carnivora,Felidae,Helminth,y,y,1
Ancylostoma_caninum,Panthera pardus,1,Chordata,Mammalia,Carnivora,Felidae,Helminth,y,y,1
Ancylostoma_caninum,Potos flavus,1,Chordata,Mammalia,Carnivora,Procyonidae,Helminth,y,y,1
Ancylostoma_caninum,Procyon lotor,1,Chordata,Mammalia,Carnivora,Procyonidae,Helminth,y,y,1
Ancylostoma_caninum,Puma concolor,1,Chordata,Mammalia,Carnivora,Felidae,Helminth,y,y,1
Ancylostoma_caninum,Rattus norvegicus,1,Chordata,Mammalia,Rodentia,Muridae,Helminth,y,y,1
Ancylostoma_caninum,Sus scrofa,1,Chordata,Mammalia,Artiodactyla,Suidae,Helminth,y,y,1
Ancylostoma_caninum,Urocyon cinereoargenteus,1,Chordata,Mammalia,Carnivora,Canidae,Helminth,y,y,1
Ancylostoma_caninum,Ursus americanus,1,Chordata,Mammalia,Carnivora,Ursidae,Helminth,y,y,1
Ancylostoma_caninum,Ursus maritimus,1,Chordata,Mammalia,Carnivora,Ursidae,Helminth,y,y,1
Ancylostoma_caninum,Viverra zibetha,1,Chordata,Mammalia,Carnivora,Viverridae,Helminth,y,y,1
Ancylostoma_caninum,Viverricula indica,1,Chordata,Mammalia,Carnivora,Viverridae,Helminth,y,y,1
Ancylostoma_caninum,Vulpes corsac,1,Chordata,Mammalia,Carnivora,Canidae,Helminth,y,y,1
Ancylostoma_caninum,Vulpes lagopus,1,Chordata,Mammalia,Carnivora,Canidae,Helminth,y,y,1
Ancylostoma_caninum,Vulpes vulpes,1,Chordata,Mammalia,Carnivora,Canidae,Helminth,y,y,1
Escherichia_coli,Aepyceros melampus,1,Chordata,Mammalia,Artiodactyla,Bovidae,Bacteria,y,y,1
Escherichia_coli,Ailuropoda melanoleuca,1,Chordata,Mammalia,Carnivora,Ursidae,Bacteria,y,y,1
Escherichia_coli,Alces alces,1,Chordata,Mammalia,Artiodactyla,Cervidae,Bacteria,y,y,1
Escherichia_coli,Alligator sinensis,1,Chordata,Crocodylia,NA,Alligatoridae,Bacteria,y,y,1
Escherichia_coli,Amazona brasiliensis,1,Chordata,Aves,Psittaciformes,Psittacidae,Bacteria,y,y,1
Escherichia_coli,Antechinus flavipes,1,Chordata,Mammalia,Dasyuromorphia,Dasyuridae,Bacteria,y,y,1
Escherichia_coli,Apis cerana,1,Arthropoda,Insecta,Hymenoptera,Apidae,Bacteria,y,y,1
Escherichia_coli,Aquila chrysaetos,1,Chordata,Aves,Accipitriformes,Accipitridae,Bacteria,y,y,1
Escherichia_coli,Arctocephalus forsteri,1,Chordata,Mammalia,Carnivora,Otariidae,Bacteria,y,y,1
Escherichia_coli,Arctocephalus gazella,1,Chordata,Mammalia,Carnivora,Otariidae,Bacteria,y,y,1
Escherichia_coli,Asio otus,1,Chordata,Aves,Strigiformes,Strigidae,Bacteria,y,y,1
Escherichia_coli,Athene noctua,1,Chordata,Aves,Strigiformes,Strigidae,Bacteria,y,y,1
Escherichia_coli,Avahi laniger,1,Chordata,Mammalia,Primates,Indriidae,Bacteria,y,y,1
Escherichia_coli,Bison bonasus,1,Chordata,Mammalia,Artiodactyla,Bovidae,Bacteria,y,y,1
Escherichia_coli,Bos grunniens,1,Chordata,Mammalia,Artiodactyla,Bovidae,Bacteria,y,y,1
Escherichia_coli,Bos taurus,1,Chordata,Mammalia,Artiodactyla,Bovidae,Bacteria,y,y,1
Escherichia_coli,Branta canadensis,1,Chordata,Aves,Anseriformes,Anatidae,Bacteria,y,y,1
Escherichia_coli,Burhinus oedicnemus,1,Chordata,Aves,Charadriiformes,Burhinidae,Bacteria,y,y,1
Escherichia_coli,Callorhinus ursinus,1,Chordata,Mammalia,Carnivora,Otariidae,Bacteria,y,y,1
Escherichia_coli,Camelus dromedarius,1,Chordata,Mammalia,Artiodactyla,Camelidae,Bacteria,y,y,1
Escherichia_coli,Canis lupus,1,Chordata,Mammalia,Carnivora,Canidae,Bacteria,y,y,1
Escherichia_coli,Canis familiaris,1,Chordata,Mammalia,Carnivora,Canidae,Bacteria,y,y,1
Escherichia_coli,Capra hircus,1,Chordata,Mammalia,Artiodactyla,Bovidae,Bacteria,y,y,1
Escherichia_coli,Capreolus capreolus,1,Chordata,Mammalia,Artiodactyla,Cervidae,Bacteria,y,y,1
Escherichia_coli,Cervus elaphus,1,Chordata,Mammalia,Artiodactyla,Cervidae,Bacteria,y,y,1
Escherichia_coli,Chaetodipus penicillatus,1,Chordata,Mammalia,Rodentia,Heteromyidae,Bacteria,y,y,1
Escherichia_coli,Choeronycteris mexicana,1,Chordata,Mammalia,Chiroptera,Phyllostomidae,Bacteria,y,y,1
Escherichia_coli,Ciconia ciconia,1,Chordata,Aves,Ciconiiformes,Ciconiidae,Bacteria,y,y,1
Escherichia_coli,Columba livia,1,Chordata,Aves,Columbiformes,Columbidae,Bacteria,y,y,1
Escherichia_coli,Coturnix japonica,1,Chordata,Aves,Galliformes,Phasianidae,Bacteria,y,y,1
Escherichia_coli,Culex quinquefasciatus,1,Arthropoda,Insecta,Diptera,Culicidae,Bacteria,y,y,1
Escherichia_coli,Cyanopica cyanus,1,Chordata,Aves,Passeriformes,Corvidae,Bacteria,y,y,1
Escherichia_coli,Dipodomys merriami,1,Chordata,Mammalia,Rodentia,Heteromyidae,Bacteria,y,y,1
Escherichia_coli,Emberiza cioides,1,Chordata,Aves,Passeriformes,Emberizidae,Bacteria,y,y,1
Escherichia_coli,Equus asinus,1,Chordata,Mammalia,Perissodactyla,Equidae,Bacteria,y,y,1
Escherichia_coli,Equus caballus,1,Chordata,Mammalia,Perissodactyla,Equidae,Bacteria,y,y,1
Escherichia_coli,Equus grevyi,1,Chordata,Mammalia,Perissodactyla,Equidae,Bacteria,y,y,1
Escherichia_coli,Eulemur macaco,1,Chordata,Mammalia,Primates,Lemuridae,Bacteria,y,y,1
Escherichia_coli,Eulemur rubriventer,1,Chordata,Mammalia,Primates,Lemuridae,Bacteria,y,y,1
Escherichia_coli,Falco naumanni,1,Chordata,Aves,Falconiformes,Falconidae,Bacteria,y,y,1
Escherichia_coli,Felis catus,1,Chordata,Mammalia,Carnivora,Felidae,Bacteria,y,y,1
Escherichia_coli,Gallus gallus,1,Chordata,Aves,Galliformes,Phasianidae,Bacteria,y,y,1
Escherichia_coli,Gorilla gorilla,1,Chordata,Mammalia,Primates,Hominidae,Bacteria,y,y,1
Escherichia_coli,Halichoerus grypus,1,Chordata,Mammalia,Carnivora,Phocidae,Bacteria,y,y,1
Escherichia_coli,Hirundo rustica,1,Chordata,Aves,Passeriformes,Hirundinidae,Bacteria,y,y,1
Escherichia_coli,Homo sapiens,1,Chordata,Mammalia,Primates,Hominidae,Bacteria,y,y,1
Escherichia_coli,Indri indri,1,Chordata,Mammalia,Primates,Indriidae,Bacteria,y,y,1
Escherichia_coli,Larus argentatus,1,Chordata,Aves,Charadriiformes,Laridae,Bacteria,y,y,1
Escherichia_coli,Larus delawarensis,1,Chordata,Aves,Charadriiformes,Laridae,Bacteria,y,y,1
Escherichia_coli,Lemur catta,1,Chordata,Mammalia,Primates,Lemuridae,Bacteria,y,y,1
Escherichia_coli,Macaca mulatta,1,Chordata,Mammalia,Primates,Cercopithecidae,Bacteria,y,y,1
Escherichia_coli,Macaca sinica,1,Chordata,Mammalia,Primates,Cercopithecidae,Bacteria,y,y,1
Escherichia_coli,Meleagris gallopavo,1,Chordata,Aves,Galliformes,Phasianidae,Bacteria,y,y,1
Escherichia_coli,Mesocricetus auratus,1,Chordata,Mammalia,Rodentia,Cricetidae,Bacteria,y,y,1
Escherichia_coli,Mirounga angustirostris,1,Chordata,Mammalia,Carnivora,Phocidae,Bacteria,y,y,1
Escherichia_coli,Neomonachus schauinslandi,1,Chordata,Mammalia,Carnivora,Phocidae,Bacteria,y,y,1
Escherichia_coli,Moschus berezovskii,1,Chordata,Mammalia,Artiodactyla,Moschidae,Bacteria,y,y,1
Escherichia_coli,Mus musculus,1,Chordata,Mammalia,Rodentia,Muridae,Bacteria,y,y,1
Escherichia_coli,Musca domestica,1,Arthropoda,Insecta,Diptera,Muscidae,Bacteria,y,y,1
Escherichia_coli,Nasua narica,1,Chordata,Mammalia,Carnivora,Procyonidae,Bacteria,y,y,1
Escherichia_coli,Neotoma albigula,1,Chordata,Mammalia,Rodentia,Cricetidae,Bacteria,y,y,1
Escherichia_coli,Mustela vison,1,Chordata,Mammalia,Carnivora,Mustelidae,Bacteria,y,y,1
Escherichia_coli,Aglais io,1,Arthropoda,Insecta,Lepidoptera,Nymphalidae,Bacteria,y,y,1
Escherichia_coli,Odocoileus virginianus,1,Chordata,Mammalia,Artiodactyla,Cervidae,Bacteria,y,y,1
Escherichia_coli,Ornithorhynchus anatinus,1,Chordata,Mammalia,Monotremata,Ornithorhynchidae,Bacteria,y,y,1
Escherichia_coli,Oryctolagus cuniculus,1,Chordata,Mammalia,Lagomorpha,Leporidae,Bacteria,y,y,1
Escherichia_coli,Ovis aries,1,Chordata,Mammalia,Artiodactyla,Bovidae,Bacteria,y,y,1
Escherichia_coli,Pandion haliaetus,1,Chordata,Aves,Accipitriformes,Pandionidae,Bacteria,y,y,1
Escherichia_coli,Panthera onca,1,Chordata,Mammalia,Carnivora,Felidae,Bacteria,y,y,1
Escherichia_coli,Papio cynocephalus,1,Chordata,Mammalia,Primates,Cercopithecidae,Bacteria,y,y,1
Escherichia_coli,Papio hamadryas,1,Chordata,Mammalia,Primates,Cercopithecidae,Bacteria,y,y,1
Escherichia_coli,Passer montanus,1,Chordata,Aves,Passeriformes,Passeridae,Bacteria,y,y,1
Escherichia_coli,Petaurus breviceps,1,Chordata,Mammalia,Diprotodontia,Petauridae,Bacteria,y,y,1
Escherichia_coli,Phalacrocorax carbo,1,Chordata,Aves,Suliformes,Phalacrocoracidae,Bacteria,y,y,1
Escherichia_coli,Phascolarctos cinereus,1,Chordata,Mammalia,Diprotodontia,Phascolarctidae,Bacteria,y,y,1
Escherichia_coli,Philander opossum,1,Chordata,Mammalia,Didelphimorphia,Didelphidae,Bacteria,y,y,1
Escherichia_coli,Phoca vitulina,1,Chordata,Mammalia,Carnivora,Phocidae,Bacteria,y,y,1
Escherichia_coli,Semnopithecus entellus,1,Chordata,Mammalia,Primates,Cercopithecidae,Bacteria,y,y,1
Escherichia_coli,Presbytis vetulus,1,Chordata,Mammalia,Primates,Cercopithecidae,Bacteria,y,y,1
Escherichia_coli,Procyon lotor,1,Chordata,Mammalia,Carnivora,Procyonidae,Bacteria,y,y,1
Escherichia_coli,Propithecus diadema,1,Chordata,Mammalia,Primates,Indriidae,Bacteria,y,y,1
Escherichia_coli,Puffinus tenuirostris,1,Chordata,Aves,Procellariiformes,Procellariidae,Bacteria,y,y,1
Escherichia_coli,Puma concolor,1,Chordata,Mammalia,Carnivora,Felidae,Bacteria,y,y,1
Escherichia_coli,Rattus norvegicus,1,Chordata,Mammalia,Rodentia,Muridae,Bacteria,y,y,1
Escherichia_coli,Romerolagus diazi,1,Chordata,Mammalia,Lagomorpha,Leporidae,Bacteria,y,y,1
Escherichia_coli,Rupicapra rupicapra,1,Chordata,Mammalia,Artiodactyla,Bovidae,Bacteria,y,y,1
Escherichia_coli,Rusa unicolor,1,Chordata,Mammalia,Artiodactyla,Cervidae,Bacteria,y,y,1
Escherichia_coli,Saccopteryx bilineata,1,Chordata,Mammalia,Chiroptera,Emballonuridae,Bacteria,y,y,1
Escherichia_coli,Saguinus oedipus,1,Chordata,Mammalia,Primates,Callitrichidae,Bacteria,y,y,1
Escherichia_coli,Sarcophilus harrisii,1,Chordata,Mammalia,Dasyuromorphia,Dasyuridae,Bacteria,y,y,1
Escherichia_coli,Semnopithecus priam,1,Chordata,Mammalia,Primates,Cercopithecidae,Bacteria,y,y,1
Escherichia_coli,Semnopithecus vetulus,1,Chordata,Mammalia,Primates,Cercopithecidae,Bacteria,y,y,1
Escherichia_coli,Sminthopsis dolichura,1,Chordata,Mammalia,Dasyuromorphia,Dasyuridae,Bacteria,y,y,1
Escherichia_coli,Struthio camelus,1,Chordata,Aves,Struthioniformes,Struthionidae,Bacteria,y,y,1
Escherichia_coli,Sus scrofa,1,Chordata,Mammalia,Artiodactyla,Suidae,Bacteria,y,y,1
Escherichia_coli,Tapirella bairdii,1,Chordata,Mammalia,Perissodactyla,Tapiridae,Bacteria,y,y,1
Escherichia_coli,Tapirus terrestris,1,Chordata,Mammalia,Perissodactyla,Tapiridae,Bacteria,y,y,1
Escherichia_coli,Thorectes lusitanicus,1,Arthropoda,Insecta,Coleoptera,Geotrupidae,Bacteria,y,y,1
Escherichia_coli,Tursiops truncatus,1,Chordata,Mammalia,Cetacea,Delphinidae,Bacteria,y,y,1
Escherichia_coli,Ursus americanus,1,Chordata,Mammalia,Carnivora,Ursidae,Bacteria,y,y,1
Escherichia_coli,Ursus arctos,1,Chordata,Mammalia,Carnivora,Ursidae,Bacteria,y,y,1
Escherichia_coli,Vulpes lagopus,1,Chordata,Mammalia,Carnivora,Canidae,Bacteria,y,y,1
Escherichia_coli,Zalophus californianus,1,Chordata,Mammalia,Carnivora,Otariidae,Bacteria,y,y,1
Fasciola_gigantica,Aepyceros melampus,1,Chordata,Mammalia,Artiodactyla,Bovidae,Helminth,y,y,1
Fasciola_gigantica,Biomphalaria alexandrina,1,Mollusca,Gastropoda,NA,Planorbidae,Helminth,y,y,1
Fasciola_gigantica,Bos taurus,1,Chordata,Mammalia,Artiodactyla,Bovidae,Helminth,y,y,1
Fasciola_gigantica,Bubalus bubalis,1,Chordata,Mammalia,Artiodactyla,Bovidae,Helminth,y,y,1
Fasciola_gigantica,Giraffa giraffa,1,Chordata,Mammalia,Artiodactyla,Giraffidae,Helminth,y,y,1
Fasciola_gigantica,Camelus dromedarius,1,Chordata,Mammalia,Artiodactyla,Camelidae,Helminth,y,y,1
Fasciola_gigantica,Capra hircus,1,Chordata,Mammalia,Artiodactyla,Bovidae,Helminth,y,y,1
Fasciola_gigantica,Cavia porcellus,1,Chordata,Mammalia,Rodentia,Caviidae,Helminth,y,y,1
Fasciola_gigantica,Cervus elaphus,1,Chordata,Mammalia,Artiodactyla,Cervidae,Helminth,y,y,1
Fasciola_gigantica,Connochaetes gnou,1,Chordata,Mammalia,Artiodactyla,Bovidae,Helminth,y,y,1
Fasciola_gigantica,Connochaetes taurinus,1,Chordata,Mammalia,Artiodactyla,Bovidae,Helminth,y,y,1
Fasciola_gigantica,Daira vulgaris,1,Arthropoda,Malacostraca,Decapoda,Dairidae,Helminth,y,y,1
Fasciola_gigantica,Damaliscus korrigum,1,Chordata,Mammalia,Artiodactyla,Bovidae,Helminth,y,y,1
Fasciola_gigantica,Damaliscus lunatus,1,Chordata,Mammalia,Artiodactyla,Bovidae,Helminth,y,y,1
Fasciola_gigantica,Equus asinus,1,Chordata,Mammalia,Perissodactyla,Equidae,Helminth,y,y,1
Fasciola_gigantica,Equus caballus,1,Chordata,Mammalia,Perissodactyla,Equidae,Helminth,y,y,1
Fasciola_gigantica,Equus hemionus,1,Chordata,Mammalia,Perissodactyla,Equidae,Helminth,y,y,1
Fasciola_gigantica,Galba pervia,1,Mollusca,Gastropoda,Hygrophila,Lymnaeidae,Helminth,y,y,1
Fasciola_gigantica,Galba truncatula,1,Mollusca,Gastropoda,NA,Lymnaeidae,Helminth,y,y,1
Fasciola_gigantica,Giraffa camelopardalis,1,Chordata,Mammalia,Artiodactyla,Giraffidae,Helminth,y,y,1
Fasciola_gigantica,Hippotragus niger,1,Chordata,Mammalia,Artiodactyla,Bovidae,Helminth,y,y,1
Fasciola_gigantica,Homo sapiens,1,Chordata,Mammalia,Primates,Hominidae,Helminth,y,y,1
Fasciola_gigantica,Kobus ellipsiprymnus,1,Chordata,Mammalia,Artiodactyla,Bovidae,Helminth,y,y,1
Fasciola_gigantica,Kobus leche,1,Chordata,Mammalia,Artiodactyla,Bovidae,Helminth,y,y,1
Fasciola_gigantica,Lama glama,1,Chordata,Mammalia,Artiodactyla,Camelidae,Helminth,y,y,1
Fasciola_gigantica,Radix auricularia,1,Mollusca,Gastropoda,NA,Lymnaeidae,Helminth,y,y,1
Fasciola_gigantica,Radix rubiginosa,1,Mollusca,Gastropoda,Hygrophila,Lymnaeidae,Helminth,y,y,1
Fasciola_gigantica,Lymnaea cailliaudi,1,Mollusca,Gastropoda,Hygrophila,Lymnaeidae,Helminth,y,y,1
Fasciola_gigantica,Pseudosuccinea columella,1,Mollusca,Gastropoda,NA,Lymnaeidae,Helminth,y,y,1
Fasciola_gigantica,Ampullaceana balthica,1,Mollusca,Gastropoda,NA,Lymnaeidae,Helminth,y,y,1
Fasciola_gigantica,Radix natalensis,1,Mollusca,Gastropoda,NA,Lymnaeidae,Helminth,y,y,1
Fasciola_gigantica,Stagnicola palustris,1,Mollusca,Gastropoda,NA,Lymnaeidae,Helminth,y,y,1
Fasciola_gigantica,Peregriana peregra,1,Mollusca,Gastropoda,NA,Lymnaeidae,Helminth,y,y,1
Fasciola_gigantica,Lymnaea stagnalis,1,Mollusca,Gastropoda,NA,Lymnaeidae,Helminth,y,y,1
Fasciola_gigantica,Radix plicatula,1,Mollusca,Gastropoda,NA,Lymnaeidae,Helminth,y,y,1
Fasciola_gigantica,Austropeplea tomentosa,1,Mollusca,Gastropoda,NA,Lymnaeidae,Helminth,y,y,1
Fasciola_gigantica,Orientogalba viridis,1,Mollusca,Gastropoda,NA,Lymnaeidae,Helminth,y,y,1
Fasciola_gigantica,Macaca mulatta,1,Chordata,Mammalia,Primates,Cercopithecidae,Helminth,y,y,1
Fasciola_gigantica,Melanoides tuberculata,1,Mollusca,Gastropoda,NA,Thiaridae,Helminth,y,y,1
Fasciola_gigantica,Mus musculus,1,Chordata,Mammalia,Rodentia,Muridae,Helminth,y,y,1
Fasciola_gigantica,Myocastor coypus,1,Chordata,Mammalia,Rodentia,Myocastoridae,Helminth,y,y,1
Fasciola_gigantica,Theodoxus jordani,1,Mollusca,Gastropoda,Cycloneritida,Neritidae,Helminth,y,y,1
Fasciola_gigantica,Oryctolagus cuniculus,1,Chordata,Mammalia,Lagomorpha,Leporidae,Helminth,y,y,1
Fasciola_gigantica,Ovis aries,1,Chordata,Mammalia,Artiodactyla,Bovidae,Helminth,y,y,1
Fasciola_gigantica,Physella acuta,1,Mollusca,Gastropoda,NA,Physidae,Helminth,y,y,1
Fasciola_gigantica,Bulinus africanus,1,Mollusca,Gastropoda,NA,Bulinidae,Helminth,y,y,1
Fasciola_gigantica,Oreortyx pictus,1,Chordata,Aves,Sauria,Odontophoridae,Helminth,y,y,1
Fasciola_gigantica,Sus scrofa,1,Chordata,Mammalia,Artiodactyla,Suidae,Helminth,y,y,1
Fasciola_gigantica,Sylvicapra grimmia,1,Chordata,Mammalia,Artiodactyla,Bovidae,Helminth,y,y,1
Fasciola_gigantica,Syncerus caffer,1,Chordata,Mammalia,Artiodactyla,Bovidae,Helminth,y,y,1
Fasciola_gigantica,Taurotragus oryx,1,Chordata,Mammalia,Artiodactyla,Bovidae,Helminth,y,y,1
Fasciola_gigantica,Tragelaphus scriptus,1,Chordata,Mammalia,Artiodactyla,Bovidae,Helminth,y,y,1
Fasciola_gigantica,Tragelaphus strepsiceros,1,Chordata,Mammalia,Artiodactyla,Bovidae,Helminth,y,y,1
Klebsiella_pneumoniae,Alces alces,1,Chordata,Mammalia,Artiodactyla,Cervidae,Bacteria,y,y,2
Klebsiella_pneumoniae,Apis mellifera,1,Arthropoda,Insecta,Hymenoptera,Apidae,Bacteria,y,y,2
Klebsiella_pneumoniae,Bactrocera zonata,1,Arthropoda,Insecta,Diptera,Tephritidae,Bacteria,y,y,2
Klebsiella_pneumoniae,Bison bison,1,Chordata,Mammalia,Artiodactyla,Bovidae,Bacteria,y,y,2
Klebsiella_pneumoniae,Bos taurus,1,Chordata,Mammalia,Artiodactyla,Bovidae,Bacteria,y,y,2
Klebsiella_pneumoniae,Canis lupus,1,Chordata,Mammalia,Carnivora,Canidae,Bacteria,y,y,2
Klebsiella_pneumoniae,Canis familiaris,1,Chordata,Mammalia,Carnivora,Canidae,Bacteria,y,y,2
Klebsiella_pneumoniae,Culex quinquefasciatus,1,Arthropoda,Insecta,Diptera,Culicidae,Bacteria,y,y,2
Klebsiella_pneumoniae,Equus caballus,1,Chordata,Mammalia,Perissodactyla,Equidae,Bacteria,y,y,2
Klebsiella_pneumoniae,Eulemur fulvus,1,Chordata,Mammalia,Primates,Lemuridae,Bacteria,y,y,2
Klebsiella_pneumoniae,Eulemur macaco,1,Chordata,Mammalia,Primates,Lemuridae,Bacteria,y,y,2
Klebsiella_pneumoniae,Eulemur rufus,1,Chordata,Mammalia,Primates,Lemuridae,Bacteria,y,y,2
Klebsiella_pneumoniae,Gallus gallus,1,Chordata,Aves,Galliformes,Phasianidae,Bacteria,y,y,2
Klebsiella_pneumoniae,Gorilla beringei,1,Chordata,Mammalia,Primates,Hominidae,Bacteria,y,y,2
Klebsiella_pneumoniae,Gorilla gorilla,1,Chordata,Mammalia,Primates,Hominidae,Bacteria,y,y,2
Klebsiella_pneumoniae,Homo sapiens,1,Chordata,Mammalia,Primates,Hominidae,Bacteria,y,y,2
Klebsiella_pneumoniae,Mirounga angustirostris,1,Chordata,Mammalia,Carnivora,Phocidae,Bacteria,y,y,2
Klebsiella_pneumoniae,Musca domestica,1,Arthropoda,Insecta,Diptera,Muscidae,Bacteria,y,y,2
Klebsiella_pneumoniae,Nezara viridula,1,Arthropoda,Insecta,Hemiptera,Pentatomidae,Bacteria,y,y,2
Klebsiella_pneumoniae,Oryctes rhinoceros,1,Arthropoda,Insecta,Coleoptera,Scarabaeidae,Bacteria,y,y,2
Klebsiella_pneumoniae,Papio ursinus,1,Chordata,Mammalia,Primates,Cercopithecidae,Bacteria,y,y,2
Klebsiella_pneumoniae,Phoca vitulina,1,Chordata,Mammalia,Carnivora,Phocidae,Bacteria,y,y,2
Klebsiella_pneumoniae,Phocarctos hookeri,1,Chordata,Mammalia,Carnivora,Otariidae,Bacteria,y,y,2
Klebsiella_pneumoniae,Rupicapra rupicapra,1,Chordata,Mammalia,Artiodactyla,Bovidae,Bacteria,y,y,2
Klebsiella_pneumoniae,Sus scrofa,1,Chordata,Mammalia,Artiodactyla,Suidae,Bacteria,y,y,2
Klebsiella_pneumoniae,Zalophus californianus,1,Chordata,Mammalia,Carnivora,Otariidae,Bacteria,y,y,2
Pseudomonas_aeruginosa,Bemisia tabaci,1,Arthropoda,Insecta,Hemiptera,Aleyrodidae,Bacteria,y,y,1
Pseudomonas_aeruginosa,Bison bonasus,1,Chordata,Mammalia,Artiodactyla,Bovidae,Bacteria,y,y,1
Pseudomonas_aeruginosa,Bos taurus,1,Chordata,Mammalia,Artiodactyla,Bovidae,Bacteria,y,y,1
Pseudomonas_aeruginosa,Canis lupus,1,Chordata,Mammalia,Carnivora,Canidae,Bacteria,y,y,1
Pseudomonas_aeruginosa,Canis familiaris,1,Chordata,Mammalia,Carnivora,Canidae,Bacteria,y,y,1
Pseudomonas_aeruginosa,Capra hircus,1,Chordata,Mammalia,Artiodactyla,Bovidae,Bacteria,y,y,1
Pseudomonas_aeruginosa,Conus leopardus,1,Mollusca,Gastropoda,Neogastropoda,Conidae,Bacteria,y,y,1
Pseudomonas_aeruginosa,Conus litteratus,1,Mollusca,Gastropoda,Neogastropoda,Conidae,Bacteria,y,y,1
Pseudomonas_aeruginosa,Culex quinquefasciatus,1,Arthropoda,Insecta,Diptera,Culicidae,Bacteria,y,y,1
Pseudomonas_aeruginosa,Diabrotica virgifera,1,Arthropoda,Insecta,Coleoptera,Chrysomelidae,Bacteria,y,y,1
Pseudomonas_aeruginosa,Equus caballus,1,Chordata,Mammalia,Perissodactyla,Equidae,Bacteria,y,y,1
Pseudomonas_aeruginosa,Gallus gallus,1,Chordata,Aves,Galliformes,Phasianidae,Bacteria,y,y,1
Pseudomonas_aeruginosa,Halichoerus grypus,1,Chordata,Mammalia,Carnivora,Phocidae,Bacteria,y,y,1
Pseudomonas_aeruginosa,Helicoverpa armigera,1,Arthropoda,Insecta,Lepidoptera,Noctuidae,Bacteria,y,y,1
Pseudomonas_aeruginosa,Homo sapiens,1,Chordata,Mammalia,Primates,Hominidae,Bacteria,y,y,1
Pseudomonas_aeruginosa,Hyriopsis cumingii,1,Mollusca,Bivalvia,Unionida,Unionidae,Bacteria,y,y,1
Pseudomonas_aeruginosa,Lemur catta,1,Chordata,Mammalia,Primates,Lemuridae,Bacteria,y,y,1
Pseudomonas_aeruginosa,Leptinotarsa decemlineata,1,Arthropoda,Insecta,Coleoptera,Chrysomelidae,Bacteria,y,y,1
Pseudomonas_aeruginosa,Moschus berezovskii,1,Chordata,Mammalia,Artiodactyla,Moschidae,Bacteria,y,y,1
Pseudomonas_aeruginosa,Musca domestica,1,Arthropoda,Insecta,Diptera,Muscidae,Bacteria,y,y,1
Pseudomonas_aeruginosa,Oryctes rhinoceros,1,Arthropoda,Insecta,Coleoptera,Scarabaeidae,Bacteria,y,y,1
Pseudomonas_aeruginosa,Oryctolagus cuniculus,1,Chordata,Mammalia,Lagomorpha,Leporidae,Bacteria,y,y,1
Pseudomonas_aeruginosa,Ostrinia nubilalis,1,Arthropoda,Insecta,Lepidoptera,Crambidae,Bacteria,y,y,1
Pseudomonas_aeruginosa,Ovis aries,1,Chordata,Mammalia,Artiodactyla,Bovidae,Bacteria,y,y,1
Pseudomonas_aeruginosa,Ovis canadensis,1,Chordata,Mammalia,Artiodactyla,Bovidae,Bacteria,y,y,1
Pseudomonas_aeruginosa,Papio cynocephalus,1,Chordata,Mammalia,Primates,Cercopithecidae,Bacteria,y,y,1
Pseudomonas_aeruginosa,Phlebotomus papatasi,1,Arthropoda,Insecta,Diptera,Psychodidae,Bacteria,y,y,1
Pseudomonas_aeruginosa,Phoca vitulina,1,Chordata,Mammalia,Carnivora,Phocidae,Bacteria,y,y,1
Pseudomonas_aeruginosa,Poekilocerus pictus,1,Arthropoda,Insecta,Orthoptera,Pyrgomorphidae,Bacteria,y,y,1
Pseudomonas_aeruginosa,Procyon lotor,1,Chordata,Mammalia,Carnivora,Procyonidae,Bacteria,y,y,1
Pseudomonas_aeruginosa,Rhynchophorus ferrugineus,1,Arthropoda,Insecta,Coleoptera,Dryophthoridae,Bacteria,y,y,1
Pseudomonas_aeruginosa,Saccopteryx bilineata,1,Chordata,Mammalia,Chiroptera,Emballonuridae,Bacteria,y,y,1
Pseudomonas_aeruginosa,Solenopsis invicta,1,Arthropoda,Insecta,Hymenoptera,Formicidae,Bacteria,y,y,1
Pseudomonas_aeruginosa,Sus scrofa,1,Chordata,Mammalia,Artiodactyla,Suidae,Bacteria,y,y,1
Pseudomonas_aeruginosa,Tragelaphus eurycerus,1,Chordata,Mammalia,Artiodactyla,Bovidae,Bacteria,y,y,1
Pseudomonas_aeruginosa,Tragelaphus imberbis,1,Chordata,Mammalia,Artiodactyla,Bovidae,Bacteria,y,y,1
Pseudomonas_aeruginosa,Yunnanacris yunnaneus,1,Arthropoda,Insecta,Orthoptera,Acrididae,Bacteria,y,y,1
Rhabditis_axei,Achatina achatina,1,Mollusca,Gastropoda,Stylommatophora,Achatinidae,Helminth,y,y,1
Rhabditis_axei,Gallus gallus,1,Chordata,Aves,Galliformes,Phasianidae,Helminth,y,y,1
Rhabditis_axei,Homo sapiens,1,Chordata,Mammalia,Primates,Hominidae,Helminth,y,y,1
Rhabditis_axei,Mustela vison,1,Chordata,Mammalia,Carnivora,Mustelidae,Helminth,y,y,1
Strongyloides_stercoralis,Achatina achatina,1,Mollusca,Gastropoda,Stylommatophora,Achatinidae,Helminth,y,y,1
Strongyloides_stercoralis,Vulpes lagopus,1,Chordata,Mammalia,Carnivora,Canidae,Helminth,y,y,1
Strongyloides_stercoralis,Aotus azarae,1,Chordata,Mammalia,Primates,Aotidae,Helminth,y,y,1
Strongyloides_stercoralis,Aotus trivirgatus,1,Chordata,Mammalia,Primates,Aotidae,Helminth,y,y,1
Strongyloides_stercoralis,Ateles geoffroyi,1,Chordata,Mammalia,Primates,Atelidae,Helminth,y,y,1
Strongyloides_stercoralis,Cebuella pygmaea,1,Chordata,Mammalia,Primates,Callitrichidae,Helminth,y,y,1
Strongyloides_stercoralis,Canis aureus,1,Chordata,Mammalia,Carnivora,Canidae,Helminth,y,y,1
Strongyloides_stercoralis,Canis familiaris,1,Chordata,Mammalia,Carnivora,Canidae,Helminth,y,y,1
Strongyloides_stercoralis,Canis lupus,1,Chordata,Mammalia,Carnivora,Canidae,Helminth,y,y,1
Strongyloides_stercoralis,Cebus capucinus,1,Chordata,Mammalia,Primates,Cebidae,Helminth,y,y,1
Strongyloides_stercoralis,Cercocebus torquatus,1,Chordata,Mammalia,Primates,Cercopithecidae,Helminth,y,y,1
Strongyloides_stercoralis,Cercopithecus campbelli,1,Chordata,Mammalia,Primates,Cercopithecidae,Helminth,y,y,1
Strongyloides_stercoralis,Cercopithecus diana,1,Chordata,Mammalia,Primates,Cercopithecidae,Helminth,y,y,1
Strongyloides_stercoralis,Cercopithecus petaurista,1,Chordata,Mammalia,Primates,Cercopithecidae,Helminth,y,y,1
Strongyloides_stercoralis,Colobus angolensis,1,Chordata,Mammalia,Primates,Cercopithecidae,Helminth,y,y,1
Strongyloides_stercoralis,Piliocolobus badius,1,Chordata,Mammalia,Primates,Cercopithecidae,Helminth,y,y,1
Strongyloides_stercoralis,Colobus guereza,1,Chordata,Mammalia,Primates,Cercopithecidae,Helminth,y,y,1
Strongyloides_stercoralis,Colobus polykomos,1,Chordata,Mammalia,Primates,Cercopithecidae,Helminth,y,y,1
Strongyloides_stercoralis,Erythrocebus patas,1,Chordata,Mammalia,Primates,Cercopithecidae,Helminth,y,y,1
Strongyloides_stercoralis,Felis catus,1,Chordata,Mammalia,Carnivora,Felidae,Helminth,y,y,1
Strongyloides_stercoralis,Gallus gallus,1,Chordata,Aves,Galliformes,Phasianidae,Helminth,y,y,1
Strongyloides_stercoralis,Homo sapiens,1,Chordata,Mammalia,Primates,Hominidae,Helminth,y,y,1
Strongyloides_stercoralis,Hoolock hoolock,1,Chordata,Mammalia,Primates,Hylobatidae,Helminth,y,y,1
Strongyloides_stercoralis,Hylobates lar,1,Chordata,Mammalia,Primates,Hylobatidae,Helminth,y,y,1
Strongyloides_stercoralis,Lynx pardinus,1,Chordata,Mammalia,Carnivora,Felidae,Helminth,y,y,1
Strongyloides_stercoralis,Macaca mulatta,1,Chordata,Mammalia,Primates,Cercopithecidae,Helminth,y,y,1
Strongyloides_stercoralis,Martes foina,1,Chordata,Mammalia,Carnivora,Mustelidae,Helminth,y,y,1
Strongyloides_stercoralis,Meriones unguiculatus,1,Chordata,Mammalia,Rodentia,Muridae,Helminth,y,y,1
Strongyloides_stercoralis,Mus musculus,1,Chordata,Mammalia,Rodentia,Muridae,Helminth,y,y,1
Strongyloides_stercoralis,Mustela putorius,1,Chordata,Mammalia,Carnivora,Mustelidae,Helminth,y,y,1
Strongyloides_stercoralis,Nasua nasua,1,Chordata,Mammalia,Carnivora,Procyonidae,Helminth,y,y,1
Strongyloides_stercoralis,Mustela vison,1,Chordata,Mammalia,Carnivora,Mustelidae,Helminth,y,y,1
Strongyloides_stercoralis,Pan troglodytes,1,Chordata,Mammalia,Primates,Hominidae,Helminth,y,y,1
Strongyloides_stercoralis,Papio cynocephalus,1,Chordata,Mammalia,Primates,Cercopithecidae,Helminth,y,y,1
Strongyloides_stercoralis,Papio ursinus,1,Chordata,Mammalia,Primates,Cercopithecidae,Helminth,y,y,1
Strongyloides_stercoralis,Piliocolobus rufomitratus,1,Chordata,Mammalia,Primates,Cercopithecidae,Helminth,y,y,1
Strongyloides_stercoralis,Piliocolobus tephrosceles,1,Chordata,Mammalia,Primates,Cercopithecidae,Helminth,y,y,1
Strongyloides_stercoralis,Pongo pygmaeus,1,Chordata,Mammalia,Primates,Hominidae,Helminth,y,y,1
Strongyloides_stercoralis,Trachypithecus francoisi,1,Chordata,Mammalia,Primates,Cercopithecidae,Helminth,y,y,1
Strongyloides_stercoralis,Procolobus verus,1,Chordata,Mammalia,Primates,Cercopithecidae,Helminth,y,y,1
Strongyloides_stercoralis,Procyon lotor,1,Chordata,Mammalia,Carnivora,Procyonidae,Helminth,y,y,1
Strongyloides_stercoralis,Rhinopithecus roxellana,1,Chordata,Mammalia,Primates,Cercopithecidae,Helminth,y,y,1
Strongyloides_stercoralis,Saguinus labiatus,1,Chordata,Mammalia,Primates,Callitrichidae,Helminth,y,y,1
Strongyloides_stercoralis,Saguinus mystax,1,Chordata,Mammalia,Primates,Callitrichidae,Helminth,y,y,1
Strongyloides_stercoralis,Saimiri boliviensis,1,Chordata,Mammalia,Primates,Cebidae,Helminth,y,y,1
Strongyloides_stercoralis,Saimiri sciureus,1,Chordata,Mammalia,Primates,Cebidae,Helminth,y,y,1
Strongyloides_stercoralis,Sus scrofa,1,Chordata,Mammalia,Artiodactyla,Suidae,Helminth,y,y,1
Strongyloides_stercoralis,Urocyon cinereoargenteus,1,Chordata,Mammalia,Carnivora,Canidae,Helminth,y,y,1
Strongyloides_stercoralis,Canis alopex,1,Chordata,Mammalia,Carnivora,Canidae,Helminth,y,y,1
Schistosoma_mansoni,Achatina achatina,1,Mollusca,Gastropoda,Stylommatophora,Achatinidae,Helminth,y,y,1
Schistosoma_mansoni,Akodon arviculoides,1,Chordata,Mammalia,Rodentia,Cricetidae,Helminth,y,y,1
Schistosoma_mansoni,Akodon cursor,1,Chordata,Mammalia,Rodentia,Cricetidae,Helminth,y,y,1
Schistosoma_mansoni,Alouatta seniculus,1,Chordata,Mammalia,Primates,Atelidae,Helminth,y,y,1
Schistosoma_mansoni,Aotus trivirgatus,1,Chordata,Mammalia,Primates,Aotidae,Helminth,y,y,1
Schistosoma_mansoni,Aotus vociferans,1,Chordata,Mammalia,Primates,Aotidae,Helminth,y,y,1
Schistosoma_mansoni,Arvicanthis niloticus,1,Chordata,Mammalia,Rodentia,Muridae,Helminth,y,y,1
Schistosoma_mansoni,Ateles belzebuth,1,Chordata,Mammalia,Primates,Atelidae,Helminth,y,y,1
Schistosoma_mansoni,Biomphalaria glabrata,1,Mollusca,Gastropoda,NA,Planorbidae,Helminth,y,y,1
Schistosoma_mansoni,Biomphalaria alexandrina,1,Mollusca,Gastropoda,NA,Planorbidae,Helminth,y,y,1
Schistosoma_mansoni,Biomphalaria arabica,1,Mollusca,Gastropoda,NA,Planorbidae,Helminth,y,y,1
Schistosoma_mansoni,Biomphalaria choanomphala,1,Mollusca,Gastropoda,NA,Planorbidae,Helminth,y,y,1
Schistosoma_mansoni,Biomphalaria obstructa,1,Mollusca,Gastropoda,NA,Planorbidae,Helminth,y,y,1
Schistosoma_mansoni,Biomphalaria pfeifferi,1,Mollusca,Gastropoda,NA,Planorbidae,Helminth,y,y,1
Schistosoma_mansoni,Biomphalaria stanleyi,1,Mollusca,Gastropoda,NA,Planorbidae,Helminth,y,y,1
Schistosoma_mansoni,Biomphalaria straminea,1,Mollusca,Gastropoda,NA,Planorbidae,Helminth,y,y,1
Schistosoma_mansoni,Biomphalaria sudanica,1,Mollusca,Gastropoda,NA,Planorbidae,Helminth,y,y,1
Schistosoma_mansoni,Biomphalaria tenagophila,1,Mollusca,Gastropoda,NA,Planorbidae,Helminth,y,y,1
Schistosoma_mansoni,Necromys lasiurus,1,Chordata,Mammalia,Rodentia,Cricetidae,Helminth,y,y,1
Schistosoma_mansoni,Bos taurus,1,Chordata,Mammalia,Artiodactyla,Bovidae,Helminth,y,y,1
Schistosoma_mansoni,Rhinella marina,1,Chordata,Amphibia,Anura,Bufonidae,Helminth,y,y,1
Schistosoma_mansoni,Bulinus forskalii,1,Mollusca,Gastropoda,NA,Bulinidae,Helminth,y,y,1
Schistosoma_mansoni,Bulinus globosus,1,Mollusca,Gastropoda,NA,Bulinidae,Helminth,y,y,1
Schistosoma_mansoni,Plecturocebus brunneus,1,Chordata,Mammalia,Primates,Pitheciidae,Helminth,y,y,1
Schistosoma_mansoni,Calomys callosus,1,Chordata,Mammalia,Rodentia,Cricetidae,Helminth,y,y,1
Schistosoma_mansoni,Calomys expulsus,1,Chordata,Mammalia,Rodentia,Cricetidae,Helminth,y,y,1
Schistosoma_mansoni,Camelus dromedarius,1,Chordata,Mammalia,Artiodactyla,Camelidae,Helminth,y,y,1
Schistosoma_mansoni,Canis lupus,1,Chordata,Mammalia,Carnivora,Canidae,Helminth,y,y,1
Schistosoma_mansoni,Canis familiaris,1,Chordata,Mammalia,Carnivora,Canidae,Helminth,y,y,1
Schistosoma_mansoni,Cavia aperea,1,Chordata,Mammalia,Rodentia,Caviidae,Helminth,y,y,1
Schistosoma_mansoni,Cebus albifrons,1,Chordata,Mammalia,Primates,Cebidae,Helminth,y,y,1
Schistosoma_mansoni,Sapajus apella,1,Chordata,Mammalia,Primates,Cebidae,Helminth,y,y,1
Schistosoma_mansoni,Cercopithecus mitis,1,Chordata,Mammalia,Primates,Cercopithecidae,Helminth,y,y,1
Schistosoma_mansoni,Chlorocebus aethiops,1,Chordata,Mammalia,Primates,Cercopithecidae,Helminth,y,y,1
Schistosoma_mansoni,Colobus guereza,1,Chordata,Mammalia,Primates,Cercopithecidae,Helminth,y,y,1
Schistosoma_mansoni,Didelphis albiventris,1,Chordata,Mammalia,Didelphimorphia,Didelphidae,Helminth,y,y,1
Schistosoma_mansoni,Didelphis aurita,1,Chordata,Mammalia,Didelphimorphia,Didelphidae,Helminth,y,y,1
Schistosoma_mansoni,Felis catus,1,Chordata,Mammalia,Carnivora,Felidae,Helminth,y,y,1
Schistosoma_mansoni,Gallus gallus,1,Chordata,Aves,Galliformes,Phasianidae,Helminth,y,y,1
Schistosoma_mansoni,Holochilus brasiliensis,1,Chordata,Mammalia,Rodentia,Cricetidae,Helminth,y,y,1
Schistosoma_mansoni,Holochilus sciureus,1,Chordata,Mammalia,Rodentia,Cricetidae,Helminth,y,y,1
Schistosoma_mansoni,Homo sapiens,1,Chordata,Mammalia,Primates,Hominidae,Helminth,y,y,1
Schistosoma_mansoni,Lepus americanus,1,Chordata,Mammalia,Lagomorpha,Leporidae,Helminth,y,y,1
Schistosoma_mansoni,Lutreolina crassicaudata,1,Chordata,Mammalia,Didelphimorphia,Didelphidae,Helminth,y,y,1
Schistosoma_mansoni,Mastomys erythroleucus,1,Chordata,Mammalia,Rodentia,Muridae,Helminth,y,y,1
Schistosoma_mansoni,Mastomys huberti,1,Chordata,Mammalia,Rodentia,Muridae,Helminth,y,y,1
Schistosoma_mansoni,Mastomys natalensis,1,Chordata,Mammalia,Rodentia,Muridae,Helminth,y,y,1
Schistosoma_mansoni,Meriones unguiculatus,1,Chordata,Mammalia,Rodentia,Muridae,Helminth,y,y,1
Schistosoma_mansoni,Mesocricetus auratus,1,Chordata,Mammalia,Rodentia,Cricetidae,Helminth,y,y,1
Schistosoma_mansoni,Mus musculus,1,Chordata,Mammalia,Rodentia,Muridae,Helminth,y,y,1
Schistosoma_mansoni,Nectomys rattus,1,Chordata,Mammalia,Rodentia,Cricetidae,Helminth,y,y,1
Schistosoma_mansoni,Nectomys squamipes,1,Chordata,Mammalia,Rodentia,Cricetidae,Helminth,y,y,1
Schistosoma_mansoni,Mustela vison,1,Chordata,Mammalia,Carnivora,Mustelidae,Helminth,y,y,1
Schistosoma_mansoni,Oncomelania hupensis,1,Mollusca,Gastropoda,Littorinimorpha,Pomatiopsidae,Helminth,y,y,1
Schistosoma_mansoni,Oryctolagus cuniculus,1,Chordata,Mammalia,Lagomorpha,Leporidae,Helminth,y,y,1
Schistosoma_mansoni,Hylaeamys laticeps,1,Chordata,Mammalia,Rodentia,Cricetidae,Helminth,y,y,1
Schistosoma_mansoni,Sooretamys angouya,1,Chordata,Mammalia,Rodentia,Cricetidae,Helminth,y,y,1
Schistosoma_mansoni,Cerradomys subflavus,1,Chordata,Mammalia,Rodentia,Cricetidae,Helminth,y,y,1
Schistosoma_mansoni,Oligoryzomys eliurus,1,Chordata,Mammalia,Rodentia,Cricetidae,Helminth,y,y,1
Schistosoma_mansoni,Otolemur crassicaudatus,1,Chordata,Mammalia,Primates,Galagidae,Helminth,y,y,1
Schistosoma_mansoni,Oxymycterus angularis,1,Chordata,Mammalia,Rodentia,Cricetidae,Helminth,y,y,1
Schistosoma_mansoni,Pan troglodytes,1,Chordata,Mammalia,Primates,Hominidae,Helminth,y,y,1
Schistosoma_mansoni,Papio anubis,1,Chordata,Mammalia,Primates,Cercopithecidae,Helminth,y,y,1
Schistosoma_mansoni,Papio cynocephalus,1,Chordata,Mammalia,Primates,Cercopithecidae,Helminth,y,y,1
Schistosoma_mansoni,Papio hamadryas,1,Chordata,Mammalia,Primates,Cercopithecidae,Helminth,y,y,1
Schistosoma_mansoni,Papio papio,1,Chordata,Mammalia,Primates,Cercopithecidae,Helminth,y,y,1
Schistosoma_mansoni,Papio ursinus,1,Chordata,Mammalia,Primates,Cercopithecidae,Helminth,y,y,1
Schistosoma_mansoni,Bulinus africanus,1,Mollusca,Gastropoda,NA,Bulinidae,Helminth,y,y,1
Schistosoma_mansoni,Rattus norvegicus,1,Chordata,Mammalia,Rodentia,Muridae,Helminth,y,y,1
Schistosoma_mansoni,Rattus rattus,1,Chordata,Mammalia,Rodentia,Muridae,Helminth,y,y,1
Schistosoma_mansoni,Leontocebus fuscicollis,1,Chordata,Mammalia,Primates,Callitrichidae,Helminth,y,y,1
Schistosoma_mansoni,Saimiri sciureus,1,Chordata,Mammalia,Primates,Cebidae,Helminth,y,y,1
Crenosoma_vulpis,Achatina achatina,1,Mollusca,Gastropoda,Stylommatophora,Achatinidae,Helminth,y,n,1
Crenosoma_vulpis,Vulpes lagopus,1,Chordata,Mammalia,Carnivora,Canidae,Helminth,y,n,1
Crenosoma_vulpis,Arianta arbustorum,1,Mollusca,Gastropoda,Stylommatophora,Helicidae,Helminth,y,n,1
Crenosoma_vulpis,Arion circumscriptus,1,Mollusca,Gastropoda,Stylommatophora,Arionidae,Helminth,y,n,1
Crenosoma_vulpis,Arion hortensis,1,Mollusca,Gastropoda,Stylommatophora,Arionidae,Helminth,y,n,1
Crenosoma_vulpis,Arion intermedius,1,Mollusca,Gastropoda,Stylommatophora,Arionidae,Helminth,y,n,1
Crenosoma_vulpis,Canis familiaris,1,Chordata,Mammalia,Carnivora,Canidae,Helminth,y,n,1
Crenosoma_vulpis,Canis latrans,1,Chordata,Mammalia,Carnivora,Canidae,Helminth,y,n,1
Crenosoma_vulpis,Canis lupus,1,Chordata,Mammalia,Carnivora,Canidae,Helminth,y,n,1
Crenosoma_vulpis,Cepaea hortensis,1,Mollusca,Gastropoda,Stylommatophora,Helicidae,Helminth,y,n,1
Crenosoma_vulpis,Cepaea nemoralis,1,Mollusca,Gastropoda,Stylommatophora,Helicidae,Helminth,y,n,1
Crenosoma_vulpis,Erinaceus europaeus,1,Chordata,Mammalia,Erinaceomorpha,Erinaceidae,Helminth,y,n,1
Crenosoma_vulpis,Gallus gallus,1,Chordata,Aves,Galliformes,Phasianidae,Helminth,y,n,1
Crenosoma_vulpis,Helix pomatia,1,Mollusca,Gastropoda,Stylommatophora,Helicidae,Helminth,y,n,1
Crenosoma_vulpis,Homo sapiens,1,Chordata,Mammalia,Primates,Hominidae,Helminth,y,n,1
Crenosoma_vulpis,Lutra lutra,1,Chordata,Mammalia,Carnivora,Mustelidae,Helminth,y,n,1
Crenosoma_vulpis,Martes foina,1,Chordata,Mammalia,Carnivora,Mustelidae,Helminth,y,n,1
Crenosoma_vulpis,Mustela vison,1,Chordata,Mammalia,Carnivora,Mustelidae,Helminth,y,n,1
Crenosoma_vulpis,Nyctereutes procyonoides,1,Chordata,Mammalia,Carnivora,Canidae,Helminth,y,n,1
Crenosoma_vulpis,Succinea putris,1,Mollusca,Gastropoda,Stylommatophora,Succineidae,Helminth,y,n,1
Crenosoma_vulpis,Triodopsis albolabris,1,Mollusca,Gastropoda,Stylommatophora,Polygyridae,Helminth,y,n,1
Crenosoma_vulpis,Urocyon cinereoargenteus,1,Chordata,Mammalia,Carnivora,Canidae,Helminth,y,n,1
Crenosoma_vulpis,Ursus americanus,1,Chordata,Mammalia,Carnivora,Ursidae,Helminth,y,n,1
Crenosoma_vulpis,Vulpes vulpes,1,Chordata,Mammalia,Carnivora,Canidae,Helminth,y,n,1
Crenosoma_vulpis,Zonitoides nitidus,1,Mollusca,Gastropoda,Stylommatophora,Gastrodontidae,Helminth,y,n,1
Cruzia_tentaculata,Capra hircus,1,Chordata,Mammalia,Artiodactyla,Bovidae,Helminth,y,n,1
Cruzia_tentaculata,Chaetophractus vellerosus,1,Chordata,Mammalia,Cingulata,Dasypodidae,Helminth,y,n,1
Cruzia_tentaculata,Chironectes minimus,1,Chordata,Mammalia,Didelphimorphia,Didelphidae,Helminth,y,n,1
Cruzia_tentaculata,Didelphis albiventris,1,Chordata,Mammalia,Didelphimorphia,Didelphidae,Helminth,y,n,1
Cruzia_tentaculata,Didelphis aurita,1,Chordata,Mammalia,Didelphimorphia,Didelphidae,Helminth,y,n,1
Cruzia_tentaculata,Didelphis marsupialis,1,Chordata,Mammalia,Didelphimorphia,Didelphidae,Helminth,y,n,1
Cruzia_tentaculata,Metachirus nudicaudatus,1,Chordata,Mammalia,Didelphimorphia,Didelphidae,Helminth,y,n,1
Cruzia_tentaculata,Didelphis virginiana,1,Chordata,Mammalia,Didelphimorphia,Didelphidae,Helminth,y,n,1
Cruzia_tentaculata,Euphractus sexcinctus,1,Chordata,Mammalia,Cingulata,Dasypodidae,Helminth,y,n,1
Cruzia_tentaculata,Philander opossum,1,Chordata,Mammalia,Didelphimorphia,Didelphidae,Helminth,y,n,1
Oslerus_osleri,Canis familiaris,1,Chordata,Mammalia,Carnivora,Canidae,Helminth,y,n,1
Oslerus_osleri,Canis latrans,1,Chordata,Mammalia,Carnivora,Canidae,Helminth,y,n,1
Oslerus_osleri,Canis lupus,1,Chordata,Mammalia,Carnivora,Canidae,Helminth,y,n,1
Oslerus_osleri,Chrysocyon brachyurus,1,Chordata,Mammalia,Carnivora,Canidae,Helminth,y,n,1
Oslerus_osleri,Prionailurus bengalensis,1,Chordata,Mammalia,Carnivora,Felidae,Helminth,y,n,1
Oslerus_osleri,Felis catus,1,Chordata,Mammalia,Carnivora,Felidae,Helminth,y,n,1
Oslerus_osleri,Vulpes vulpes,1,Chordata,Mammalia,Carnivora,Canidae,Helminth,y,n,1
Oslerus_rostratus,Lissachatina fulica,1,Mollusca,Gastropoda,Stylommatophora,Achatinidae,Helminth,y,n,1
Oslerus_rostratus,Biomphalaria glabrata,1,Mollusca,Gastropoda,NA,Planorbidae,Helminth,y,n,1
Oslerus_rostratus,Bradybaena similaris,1,Mollusca,Gastropoda,Stylommatophora,Camaenidae,Helminth,y,n,1
Oslerus_rostratus,Felis catus,1,Chordata,Mammalia,Carnivora,Felidae,Helminth,y,n,1
Oslerus_rostratus,Gallus gallus,1,Chordata,Aves,Galliformes,Phasianidae,Helminth,y,n,1
Oslerus_rostratus,Laevicaulis alte,1,Mollusca,Gastropoda,Systellommatophora,Veronicellidae,Helminth,y,n,1
Oslerus_rostratus,Limax maximus,1,Mollusca,Gastropoda,Stylommatophora,Limacidae,Helminth,y,n,1
Oslerus_rostratus,Lynx rufus,1,Chordata,Mammalia,Carnivora,Felidae,Helminth,y,n,1
Oslerus_rostratus,Monacha syriaca,1,Mollusca,Gastropoda,Stylommatophora,Hygromiidae,Helminth,y,n,1
Oslerus_rostratus,Mus musculus,1,Chordata,Mammalia,Rodentia,Muridae,Helminth,y,n,1
Oslerus_rostratus,Rattus rattus,1,Chordata,Mammalia,Rodentia,Muridae,Helminth,y,n,1
Oslerus_rostratus,Theba pisana,1,Mollusca,Gastropoda,Stylommatophora,Helicidae,Helminth,y,n,1
Rhabditis_terricola,Dendroctonus terebrans,1,Arthropoda,Insecta,Coleoptera,Curculionidae,Helminth,y,n,1
Rhabditis_terricola,Felis catus,1,Chordata,Mammalia,Carnivora,Felidae,Helminth,y,n,1
Rhabditis_terricola,Homo sapiens,1,Chordata,Mammalia,Primates,Hominidae,Helminth,y,n,1
Rhabditis_terricola,Lynx rufus,1,Chordata,Mammalia,Carnivora,Felidae,Helminth,y,n,1
Troglostrongylus_brevior,Felis catus,1,Chordata,Mammalia,Carnivora,Felidae,Helminth,y,n,1
Troglostrongylus_brevior,Felis chaus,1,Chordata,Mammalia,Carnivora,Felidae,Helminth,y,n,1
Troglostrongylus_brevior,Felis silvestris,1,Chordata,Mammalia,Carnivora,Felidae,Helminth,y,n,1
Troglostrongylus_brevior,Limacus flavus,1,Mollusca,Gastropoda,Stylommatophora,Limacidae,Helminth,y,n,1
Troglostrongylus_brevior,Lynx rufus,1,Chordata,Mammalia,Carnivora,Felidae,Helminth,y,n,1
Troglostrongylus_brevior,Monacha syriaca,1,Mollusca,Gastropoda,Stylommatophora,Hygromiidae,Helminth,y,n,1
Troglostrongylus_brevior,Mus musculus,1,Chordata,Mammalia,Rodentia,Muridae,Helminth,y,n,1
Troglostrongylus_brevior,Theba pisana,1,Mollusca,Gastropoda,Stylommatophora,Helicidae,Helminth,y,n,1
